file_name,agents_number,tasks_number,solve_time,is_optimal_solution,solution,node_count,dual_objective,relative_gap
ip2/d201600.in,20,1600,180.00721096992493,false,-97851.0,80044.0,-97822.0,0.00029636896914696833
ip2/d401600.in,40,1600,180.00630497932434,false,-97216.0,20564.0,-97105.00000000004,0.0011417873601048834
ip2/d60900.in,60,900,180.01568293571472,false,-54718.0,43059.0,-54551.00000000002,0.0030520121349460537
ip2/d801600.in,80,1600,180.28245091438293,false,-97266.0,8398.0,-97034.00000000003,0.0023852116875369696
ip2/e60900.in,60,900,180.01198315620422,false,-100227.0,11348.0,-100125.0,0.0010176898440539975
ip2/e801600.in,80,1600,180.0168261528015,false,-177183.0,4581.0,-176803.0,0.0021446752792310775
