file_name,agents_number,tasks_number,solve_time,is_optimal_solution,solution,node_count,dual_objective,relative_gap
ip2/d201600.in,20,1600,180.05056810379028,false,-97852.0,30062.0,-97822.00043742826,0.0003065809852812614
ip2/d401600.in,40,1600,180.01162910461426,false,-97219.0,17192.0,-97105.00000000015,0.0011726102922253313
ip2/d60900.in,60,900,180.2911081314087,false,-54666.0,30744.0,-54551.000000000044,0.0021036841912698266
ip2/d801600.in,80,1600,180.03413701057434,false,-97259.0,6157.0,-97034.00000000003,0.0023134105841101688
ip2/e60900.in,60,900,180.2734580039978,false,-100215.0,7735.0,-100144.02852904065,0.0007081920965858765
ip2/e801600.in,80,1600,180.01099491119385,false,-176899.0,577.0,-176813.0,0.0004861531156196474
