file_name,agents_number,tasks_number,solve_time,is_optimal_solution,solution,node_count,dual_objective,relative_gap
ip2/d201600.in,20,1600,180.00431203842163,false,-97849.0,120587.0,-97822.0,0.0002759353698044947
ip2/d401600.in,40,1600,180.0098898410797,false,-97222.0,35954.0,-97105.00000000003,0.001203431322128437
ip2/d60900.in,60,900,180.01057314872742,false,-54631.0,60888.0,-54551.00000000004,0.0014643700463100367
ip2/d801600.in,80,1600,180.0179798603058,false,-97246.0,12083.0,-97034.00000000006,0.0021800382535008306
ip2/e60900.in,60,900,180.00627517700195,false,-100182.0,36957.0,-100107.02114226426,0.0007484264412343478
ip2/e801600.in,80,1600,180.0970208644867,false,-176908.0,7000.0,-176787.0,0.0006839713297307075
