file_name,agents_number,tasks_number,solve_time,is_optimal_solution,solution,node_count,dual_objective,relative_gap
ip2/d201600.in,20,1600,180.02962589263916,false,-97858.0,3364.0,-97822.0,0.00036787998937235584
ip2/d401600.in,40,1600,180.03560090065002,false,-97234.0,2053.0,-97105.00000000003,0.0013266964230615925
ip2/d60900.in,60,900,180.06183791160583,false,-54737.0,2717.0,-54551.000000000044,0.0033980671209594302
ip2/d801600.in,80,1600,180.1649730205536,false,-97288.0,1072.0,-97034.00000000003,0.0026108050324805824
ip2/e60900.in,60,900,180.03941798210144,false,-100191.0,1021.0,-100104.0,0.0008683414677965087
ip2/e801600.in,80,1600,180.18227791786194,false,-176942.0,214.0,-176782.0,0.0009042511105333952
