file_name,agents_number,tasks_number,solve_time,is_optimal_solution,solution,node_count,dual_objective,relative_gap
ip2/d201600.in,20,1600,180.00453090667725,false,-97851.0,30800.0,-97822.09452926747,0.0002954029159898901
ip2/d401600.in,40,1600,180.0136969089508,false,-97220.0,16327.0,-97105.00000000006,0.0011828841802092346
ip2/d60900.in,60,900,180.2406349182129,false,-54668.0,30632.0,-54551.00000000004,0.0021401917026407334
ip2/d801600.in,80,1600,180.55371713638306,false,-97254.0,8748.0,-97034.00000000003,0.0022621177535111243
ip2/e60900.in,60,900,180.00715017318726,false,-100208.0,3138.0,-100145.0,0.0006286923199744531
ip2/e801600.in,80,1600,180.03272223472595,false,-176844.0,1231.0,-176812.0,0.00018095044219764312
