file_name,agents_number,tasks_number,solve_time,is_optimal_solution,solution,node_count,dual_objective,relative_gap
ip2/d201600.in,20,1600,180.0081810951233,false,-97848.0,74663.0,-97822.0,0.0002657182568882348
ip2/d401600.in,40,1600,180.01502895355225,false,-97222.0,19464.0,-97105.00000000004,0.0012034313221282872
ip2/d60900.in,60,900,180.00569891929626,false,-54715.0,47055.0,-54551.00000000002,0.002997349904047851
ip2/d801600.in,80,1600,180.28364300727844,false,-97266.0,8393.0,-97034.00000000003,0.0023852116875369696
ip2/e60900.in,60,900,180.0086750984192,false,-100237.0,8716.0,-100129.04384988947,0.0010770089897995203
ip2/e801600.in,80,1600,180.02249002456665,false,-176866.0,2494.0,-176797.0,0.0003901258579941877
