file_name,agents_number,tasks_number,solve_time,is_optimal_solution,solution,node_count,dual_objective,relative_gap
ip2/d201600.in,20,1600,180.09176898002625,false,-97852.0,42544.0,-97822.0,0.000306585455585987
ip2/d401600.in,40,1600,180.10562181472778,false,-97230.0,15917.0,-97105.00000000004,0.0012856114367988927
ip2/d60900.in,60,900,180.0460340976715,false,-54659.0,26129.0,-54551.00000000002,0.001975886862181492
ip2/d801600.in,80,1600,180.0319368839264,false,-97258.0,7349.0,-97034.00000000006,0.0023031524399015177
ip2/e60900.in,60,900,180.11617493629456,false,-100281.0,9694.0,-100108.0,0.0017251523219752496
ip2/e801600.in,80,1600,180.12160301208496,false,-176886.0,4149.0,-176787.0,0.000559682507377633
