file_name,agents_number,tasks_number,solve_time,is_optimal_solution,solution,node_count,dual_objective,relative_gap
ip2/d201600.in,20,1600,180.07562112808228,false,-97852.0,29453.0,-97823.0,0.00029636594039978743
ip2/d401600.in,40,1600,180.01948404312134,false,-97222.0,22313.0,-97105.00000000006,0.0012034313221281376
ip2/d60900.in,60,900,180.2817440032959,false,-54688.0,30370.0,-54551.00000000006,0.002505119953187935
ip2/d801600.in,80,1600,180.47097516059875,false,-97261.0,7921.0,-97034.00000000004,0.0023339262397050857
ip2/e60900.in,60,900,180.0133340358734,false,-100190.0,12892.0,-100141.0,0.0004890707655454636
ip2/e801600.in,80,1600,180.07556200027466,false,-176836.0,428.0,-176817.0,0.00010744418557307336
