file_name,agents_number,tasks_number,solve_time,is_optimal_solution,solution,node_count,dual_objective,relative_gap
ip2/d201600.in,20,1600,180.1727409362793,false,-97852.0,25837.0,-97822.0,0.000306585455585987
ip2/d401600.in,40,1600,180.01796007156372,false,-97226.0,7383.0,-97105.00000000003,0.0012445230699604107
ip2/d60900.in,60,900,180.1223268508911,false,-54676.0,11495.0,-54551.00000000002,0.0022861950398708423
ip2/d801600.in,80,1600,180.12372088432312,false,-97247.0,5382.0,-97034.00000000006,0.0021902989295293613
ip2/e60900.in,60,900,180.26414489746094,false,-100262.0,9738.0,-100108.0,0.001535975743551894
ip2/e801600.in,80,1600,180.03562378883362,false,-176919.0,2424.0,-176787.0,0.0007461041493564852
